City_ID,City,Country,Date,Lat,Lng,Max Temp,Humidity,Cloudiness,Wind Speed
0,Busselton,AU,2021-09-29 03:47:17,-33.65,115.3333,64.85,78,64,15.75
1,Nanortalik,GL,2021-09-29 03:47:18,60.1432,-45.2371,36.88,62,0,3.67
2,Saint-Philippe,RE,2021-09-29 03:47:18,-21.3585,55.7679,72.21,76,33,11.72
3,Kodiak,US,2021-09-29 03:47:19,57.79,-152.4072,51.31,62,75,0.0
4,Rio Grande,BR,2021-09-29 03:43:30,-32.035,-52.0986,60.94,95,100,15.86
5,Biak,ID,2021-09-29 03:47:20,-0.9131,122.8766,83.19,71,42,7.2
6,Ushuaia,AR,2021-09-29 03:46:36,-54.8,-68.3,46.06,46,40,19.57
7,Umm Kaddadah,SD,2021-09-29 03:47:22,13.6017,26.6876,83.03,23,60,15.14
8,Tibana,RO,2021-09-29 03:47:22,46.9833,27.3333,48.38,61,100,1.61
9,Vaini,TO,2021-09-29 03:47:23,-21.2,-175.2,78.96,89,20,9.22
10,Westport,US,2021-09-29 03:47:24,41.1415,-73.3579,65.98,87,1,5.99
11,Kapaa,US,2021-09-29 03:47:25,22.0752,-159.319,82.38,79,75,19.57
12,Saskylakh,RU,2021-09-29 03:47:25,71.9167,114.0833,29.19,77,100,4.99
13,Plettenberg Bay,ZA,2021-09-29 03:45:28,-34.0527,23.3716,56.32,71,100,4.81
14,Albany,US,2021-09-29 03:47:27,42.6001,-73.9662,54.45,78,82,5.28
15,Saint George,US,2021-09-29 03:47:28,37.1041,-113.5841,79.39,28,20,1.01
16,Paamiut,GL,2021-09-29 03:47:28,61.994,-49.6678,31.5,41,24,8.34
17,Kenora,CA,2021-09-29 03:47:29,49.8167,-94.4337,69.78,68,1,9.22
18,Saint-Augustin,CA,2021-09-29 03:47:30,51.226,-58.6502,45.68,85,7,8.21
19,Nemuro,JP,2021-09-29 03:47:30,43.3236,145.575,68.43,72,100,12.28
20,Chandbali,IN,2021-09-29 03:47:31,20.7833,86.7667,83.39,78,100,10.16
21,Cape Town,ZA,2021-09-29 03:46:51,-33.9258,18.4232,59.41,70,0,18.41
22,Oranjemund,NA,2021-09-29 03:47:33,-28.55,16.4333,55.72,89,51,9.53
23,Laguna,US,2021-09-29 03:47:34,38.421,-121.4238,70.3,27,1,1.99
24,Samarai,PG,2021-09-29 03:47:34,-10.6167,150.6667,79.36,87,95,16.28
25,Palu,ID,2021-09-29 03:47:35,-0.8917,119.8707,89.1,66,77,3.27
26,Thinadhoo,MV,2021-09-29 03:47:36,0.5333,72.9333,82.78,72,76,9.51
27,Talnakh,RU,2021-09-29 03:47:37,69.4865,88.3972,35.8,60,33,2.68
28,Ifakara,TZ,2021-09-29 03:42:43,-8.1333,36.6833,72.05,77,22,2.89
29,Khovu-Aksy,RU,2021-09-29 03:47:39,51.1333,93.6,41.36,35,69,2.64
30,Zhigansk,RU,2021-09-29 03:47:40,66.7697,123.3711,36.07,65,51,19.82
31,Cayenne,GF,2021-09-29 03:47:41,4.9333,-52.3333,83.08,79,0,4.0
32,Rikitea,PF,2021-09-29 03:47:41,-23.1203,-134.9692,73.58,63,100,17.11
33,Pontianak,ID,2021-09-29 03:47:07,-0.0333,109.3333,84.18,84,75,5.75
34,Tuktoyaktuk,CA,2021-09-29 03:47:42,69.4541,-133.0374,33.8,100,90,11.5
35,Codrington,AU,2021-09-29 03:47:26,-38.2667,141.9667,59.52,73,99,19.35
36,Kruisfontein,ZA,2021-09-29 03:47:44,-34.0033,24.7314,48.88,80,100,7.16
37,Martapura,ID,2021-09-29 03:47:45,-3.4167,114.85,84.29,74,40,8.05
38,Rio Gallegos,AR,2021-09-29 03:47:45,-51.6226,-69.2181,48.25,34,40,20.71
39,Mataura,NZ,2021-09-29 03:47:46,-46.1927,168.8643,48.47,95,85,10.54
40,Vabalninkas,LT,2021-09-29 03:47:47,55.9667,24.75,47.62,85,98,8.46
41,Mabaruma,GY,2021-09-29 03:47:48,8.2,-59.7833,75.36,91,23,3.02
42,Kysyl-Syr,RU,2021-09-29 03:47:49,63.8986,122.7617,41.74,51,9,6.69
43,Beisfjord,NO,2021-09-29 03:47:49,68.3751,17.5988,50.25,77,92,4.34
44,Axim,GH,2021-09-29 03:47:10,4.8699,-2.2405,75.87,89,17,2.84
45,Namatanai,PG,2021-09-29 03:47:50,-3.6667,152.4333,83.88,76,50,8.34
46,Ust-Maya,RU,2021-09-29 03:47:52,60.4167,134.5333,48.42,66,77,9.62
47,Adrar,MR,2021-09-29 03:47:52,20.5022,-10.0711,85.96,11,0,6.53
48,Rocha,UY,2021-09-29 03:47:53,-34.4833,-54.3333,53.55,74,67,7.05
49,Bredasdorp,ZA,2021-09-29 03:47:54,-34.5322,20.0403,47.52,93,13,3.44
50,Barrow,US,2021-09-29 03:47:54,71.2906,-156.7887,30.22,80,90,4.61
51,Alice Springs,AU,2021-09-29 03:47:54,-23.7,133.8833,81.95,14,0,8.05
52,Avera,US,2021-09-29 03:47:55,33.194,-82.5271,70.72,67,1,5.35
53,Araouane,ML,2021-09-29 03:47:55,18.9048,-3.5265,86.49,14,0,7.74
54,Jamestown,US,2021-09-29 03:47:56,42.097,-79.2353,53.24,82,1,3.44
55,Vaitape,PF,2021-09-29 03:47:56,-16.5167,-151.75,78.87,76,20,15.88
56,Caborca,MX,2021-09-29 03:47:57,30.5838,-111.101,73.85,48,0,6.29
57,New Norfolk,AU,2021-09-29 03:47:58,-42.7826,147.0587,57.88,54,98,1.99
58,Nhulunbuy,AU,2021-09-29 03:47:59,-12.2333,136.7667,86.61,58,75,12.66
59,Atuona,PF,2021-09-29 03:47:59,-9.8,-139.0333,77.68,77,10,19.98
60,Clearlake,US,2021-09-29 03:48:00,38.9582,-122.6264,59.7,59,97,5.48
61,Jizan,SA,2021-09-29 03:48:01,17.3333,42.6667,85.14,72,8,3.36
62,Fort-Shevchenko,KZ,2021-09-29 03:48:02,44.5086,50.263,56.95,63,37,12.53
63,Coquimbo,CL,2021-09-29 03:48:03,-29.9533,-71.3436,53.33,93,100,3.44
64,Takapau,NZ,2021-09-29 03:48:05,-40.0333,176.35,55.72,67,20,13.29
65,San Carlos De Bariloche,AR,2021-09-29 03:44:36,-41.1456,-71.3082,38.95,48,20,3.44
66,Rafraf,TN,2021-09-29 03:48:07,37.1904,10.1837,68.31,78,96,15.77
67,Padang,ID,2021-09-29 03:48:08,-0.9492,100.3543,80.65,87,100,5.57
68,Nikolskoye,RU,2021-09-29 03:48:09,59.7035,30.7861,48.87,73,100,2.62
69,Sembe,CG,2021-09-29 03:48:10,1.6481,14.5806,68.47,99,100,1.7
70,Dharchula,IN,2021-09-29 03:48:10,29.85,80.5333,78.42,64,5,4.65
71,Thompson,CA,2021-09-29 03:48:11,55.7435,-97.8558,53.76,58,20,8.05
72,Vao,NC,2021-09-29 03:48:12,-22.6667,167.4833,68.85,76,11,22.28
73,Hobart,AU,2021-09-29 03:47:14,-42.8794,147.3294,58.23,61,40,9.22
74,Vaijapur,IN,2021-09-29 03:48:13,19.9167,74.7333,75.85,86,100,16.37
75,Isangel,VU,2021-09-29 03:48:13,-19.55,169.2667,77.11,65,75,12.66
76,Labuhan,ID,2021-09-29 03:48:14,-6.8844,112.2051,89.85,51,33,4.65
77,Pingdu,CN,2021-09-29 03:48:15,36.7844,119.9464,72.84,57,13,5.73
78,Bluff,NZ,2021-09-29 03:48:15,-46.6,168.3333,48.79,83,93,26.35
79,Victoria,HK,2021-09-29 03:46:21,22.2855,114.1577,91.96,74,5,4.0
80,Talcahuano,CL,2021-09-29 03:44:10,-36.7167,-73.1167,49.68,93,20,2.3
81,Ponta Do Sol,PT,2021-09-29 03:48:17,32.6667,-17.1,73.0,77,67,7.27
82,Lebu,CL,2021-09-29 03:48:17,-37.6167,-73.65,46.04,83,35,4.34
83,Primorsk,UA,2021-09-29 03:48:18,46.7348,36.3443,55.17,67,100,14.67
84,Komsomolskiy,UZ,2021-09-29 03:48:19,40.4272,71.7189,70.95,40,3,6.91
85,Sao Joao Da Barra,BR,2021-09-29 03:48:19,-21.6403,-41.0511,71.92,87,3,16.96
86,Tomatlan,MX,2021-09-29 03:48:20,19.9333,-105.25,75.07,93,94,2.84
87,Mar Del Plata,AR,2021-09-29 03:45:54,-38.0023,-57.5575,44.01,100,0,0.0
88,Chokurdakh,RU,2021-09-29 03:48:21,70.6333,147.9167,27.1,94,81,6.87
89,Alegrete,BR,2021-09-29 03:48:22,-29.7831,-55.7919,61.68,96,100,12.28
90,Iqaluit,CA,2021-09-29 03:48:22,63.7506,-68.5145,24.53,93,20,2.3
91,Carnarvon,AU,2021-09-29 03:48:23,-24.8667,113.6333,77.07,47,2,8.05
92,Pingliang,CN,2021-09-29 03:48:23,35.5392,106.6861,72.39,50,23,8.86
93,Tursunzoda,TJ,2021-09-29 03:48:24,38.5144,68.2333,65.28,20,0,3.38
94,Constantine,DZ,2021-09-29 03:48:25,36.365,6.6147,58.41,88,0,3.44
95,Poum,NC,2021-09-29 03:48:26,-20.2333,164.0167,74.12,74,48,10.31
96,Ribeira Grande,PT,2021-09-29 03:48:26,38.5167,-28.7,72.0,88,16,13.69
97,Petatlan,MX,2021-09-29 03:48:27,17.5167,-101.2667,76.32,93,99,2.62
98,Puquio,PE,2021-09-29 03:48:28,-14.7,-74.1333,52.16,48,41,1.41
99,Kavieng,PG,2021-09-29 03:48:29,-2.5744,150.7967,84.34,73,32,8.95
100,Castro,BR,2021-09-29 03:48:30,-24.7911,-50.0119,61.74,87,90,1.74
101,Nipawin,CA,2021-09-29 03:48:31,53.3668,-104.0009,68.04,52,1,10.36
102,Moirang,IN,2021-09-29 03:48:31,24.5,93.7667,77.05,68,100,2.51
103,Mitu,CO,2021-09-29 03:48:32,1.1983,-70.1733,70.59,99,98,1.48
104,Port Alfred,ZA,2021-09-29 03:48:33,-33.5906,26.891,58.06,85,100,11.74
105,Alta Floresta,BR,2021-09-29 03:48:34,-9.8756,-56.0861,69.12,97,68,3.85
106,Punta Arenas,CL,2021-09-29 03:48:35,-53.15,-70.9167,46.51,46,20,40.29
107,Abalak,RU,2021-09-29 03:44:39,58.1286,68.5944,37.4,77,40,8.81
108,The Pas,CA,2021-09-29 03:48:37,53.8251,-101.2541,62.62,67,1,14.97
109,Qaanaaq,GL,2021-09-29 03:48:38,77.484,-69.3632,26.8,77,100,3.51
110,Avarua,CK,2021-09-29 03:48:39,-21.2078,-159.775,80.65,69,100,4.61
111,Astoria,US,2021-09-29 03:48:40,46.1879,-123.8313,54.93,86,75,3.0
112,Ballina,AU,2021-09-29 03:48:41,-28.8667,153.5667,71.56,55,40,17.27
113,Antofagasta,CL,2021-09-29 03:47:25,-23.65,-70.4,58.28,78,20,3.2
114,Balkhash,KZ,2021-09-29 03:48:42,46.844,74.9804,56.01,62,0,11.18
115,Ushtobe,KZ,2021-09-29 03:48:42,45.2514,77.9838,67.6,30,97,8.12
116,Puerto Ayora,EC,2021-09-29 03:48:42,-0.7393,-90.3518,69.33,92,77,7.9
117,Bardsir,IR,2021-09-29 03:48:43,29.9227,56.5743,57.25,23,3,3.36
118,Roseburg,US,2021-09-29 03:46:26,43.2165,-123.3417,55.51,91,90,0.0
119,Tiksi,RU,2021-09-29 03:48:02,71.6872,128.8694,33.15,82,100,2.13
120,Hervey Bay,AU,2021-09-29 03:48:44,-25.2986,152.8535,74.03,58,100,10.67
121,Saldanha,ZA,2021-09-29 03:45:08,-33.0117,17.9442,55.45,76,0,23.94
122,Nianzishan,CN,2021-09-29 03:48:45,47.5167,122.8833,53.96,35,2,10.74
123,Bereda,ES,2021-09-29 03:48:45,43.2686,-7.5406,56.95,100,94,2.64
124,Luang Prabang,LA,2021-09-29 03:48:46,19.8856,102.1347,78.76,83,90,2.3
125,East London,ZA,2021-09-29 03:48:47,-33.0153,27.9116,58.14,82,75,4.61
126,Buea,CM,2021-09-29 03:48:48,4.1527,9.241,66.97,92,96,1.28
127,Lufilufi,WS,2021-09-29 03:48:49,-13.8745,-171.5986,87.58,77,19,19.95
128,Caravelas,BR,2021-09-29 03:48:49,-17.7125,-39.2481,69.93,89,0,5.55
129,Huarmey,PE,2021-09-29 03:48:50,-10.0681,-78.1522,63.01,87,27,6.8
130,Forest Grove,US,2021-09-29 03:48:51,45.5198,-123.1107,54.95,76,40,1.01
131,Norman Wells,CA,2021-09-29 03:48:51,65.282,-126.8329,30.24,86,75,10.36
132,Yellowknife,CA,2021-09-29 03:48:52,62.456,-114.3525,47.41,100,1,1.99
133,Middleton,GB,2021-09-29 03:48:53,53.55,-2.2,49.41,96,98,7.16
134,Georgetown,MY,2021-09-29 03:47:21,5.4112,100.3354,85.89,82,20,1.01
135,Bengkulu,ID,2021-09-29 03:48:54,-3.8004,102.2655,83.07,73,89,4.07
136,Illapel,CL,2021-09-29 03:48:54,-31.6308,-71.1653,60.49,45,75,1.77
137,Batemans Bay,AU,2021-09-29 03:48:55,-35.7167,150.1833,65.19,83,100,5.7
138,Pevek,RU,2021-09-29 03:48:55,69.7008,170.3133,25.61,84,100,7.63
139,Khalkhal,IR,2021-09-29 03:48:55,37.6189,48.5258,50.61,83,37,5.01
140,Lompoc,US,2021-09-29 03:48:56,34.6391,-120.4579,61.21,76,1,5.75
141,Lafiagi,NG,2021-09-29 03:48:58,8.8667,5.4167,73.85,90,65,2.77
142,Abu Samrah,SY,2021-09-29 03:48:58,35.3029,37.1841,65.07,86,0,6.35
143,Touros,BR,2021-09-29 03:48:59,-5.1989,-35.4608,76.1,86,74,12.35
144,Port Lincoln,AU,2021-09-29 03:48:59,-34.7333,135.8667,61.65,71,59,4.83
145,Deputatskiy,RU,2021-09-29 03:48:59,69.3,139.9,23.72,63,63,0.87
146,Cam Ranh,VN,2021-09-29 03:49:00,11.9214,109.1591,89.56,58,40,6.91
147,Tautira,PF,2021-09-29 03:49:00,-17.7333,-149.15,80.62,81,71,14.72
148,Sao Filipe,CV,2021-09-29 03:49:01,14.8961,-24.4956,79.36,78,8,8.97
149,Kalmunai,LK,2021-09-29 03:49:02,7.4167,81.8167,88.23,51,81,5.68
150,Voyvozh,RU,2021-09-29 03:49:03,62.892,54.9635,38.98,94,100,4.74
151,Chuy,UY,2021-09-29 03:49:04,-33.6971,-53.4616,56.95,82,98,11.83
152,Dikson,RU,2021-09-29 03:49:05,73.5069,80.5464,36.59,94,100,13.65
153,Neryungri,RU,2021-09-29 03:48:42,56.6709,124.6491,33.03,96,100,13.56
154,Gopalur,IN,2021-09-29 03:49:07,16.6167,77.8,78.17,79,90,9.93
155,San Patricio,US,2021-09-29 03:49:08,28.017,-97.5169,84.29,75,32,17.02
156,Vung Tau,VN,2021-09-29 03:49:08,10.346,107.0843,84.69,73,34,4.03
157,Ilulissat,GL,2021-09-29 03:49:09,69.2167,-51.1,26.62,39,37,14.97
158,The Valley,AI,2021-09-29 03:49:09,18.217,-63.0578,84.06,71,41,11.9
159,Saint-Denis,FR,2021-09-29 03:49:09,48.9167,2.3333,59.16,84,75,3.0
160,La Ronge,CA,2021-09-29 03:49:10,55.1001,-105.2842,66.45,55,90,10.36
161,Vila Franca Do Campo,PT,2021-09-29 03:49:11,37.7167,-25.4333,73.2,91,27,3.85
162,Torbay,CA,2021-09-29 03:49:12,47.6666,-52.7314,62.67,92,90,14.97
163,Hermanus,ZA,2021-09-29 03:49:13,-34.4187,19.2345,57.9,84,20,9.31
164,Sainte-Marie,RE,2021-09-29 03:49:14,-20.8968,55.5496,72.77,68,20,19.57
165,Constitucion,CL,2021-09-29 03:49:15,-35.3333,-72.4167,48.81,60,0,6.69
166,Cabo San Lucas,MX,2021-09-29 03:49:16,22.8909,-109.9124,82.51,75,9,1.01
167,Airai,TL,2021-09-29 03:49:17,-8.9266,125.4092,82.67,28,16,3.6
168,Luangwa,ZM,2021-09-29 03:49:18,-15.6167,30.4167,73.72,44,30,2.1
169,Waipawa,NZ,2021-09-29 03:49:19,-41.4122,175.5153,59.45,57,4,9.35
170,Pitsunda,GE,2021-09-29 03:49:20,43.1592,40.3378,57.38,73,82,4.65
171,Guerrero Negro,MX,2021-09-29 03:49:21,27.9769,-114.0611,70.3,75,18,14.5
172,Tres Pontas,BR,2021-09-29 03:49:22,-21.3667,-45.5125,68.25,59,22,6.71
173,Kaitangata,NZ,2021-09-29 03:49:22,-46.2817,169.8464,50.94,74,70,10.83
174,Pokhara,NP,2021-09-29 03:49:23,28.2333,83.9833,79.2,71,32,4.56
175,Fallon,US,2021-09-29 03:49:24,39.4735,-118.7774,55.27,25,20,6.91
176,Owando,CG,2021-09-29 03:49:25,-0.4819,15.8999,69.3,98,91,2.46
177,Kirakira,SB,2021-09-29 03:49:26,-10.4544,161.9205,83.35,74,72,7.78
178,Itarema,BR,2021-09-29 03:49:27,-2.9248,-39.9167,78.76,84,12,16.31
179,Gazanjyk,TM,2021-09-29 03:49:28,39.2446,55.5154,69.51,36,0,7.58
180,Zheleznodorozhnyy,RU,2021-09-29 03:49:29,55.7503,38.0042,37.36,86,45,4.72
181,Butaritari,KI,2021-09-29 03:49:30,3.0707,172.7902,83.28,74,73,18.34
182,Chatellerault,FR,2021-09-29 03:49:32,46.8,0.5333,59.56,1,31,11.9
183,Tasiilaq,GL,2021-09-29 03:49:33,65.6145,-37.6368,33.96,65,100,5.26
184,Vardo,NO,2021-09-29 03:49:33,70.3705,31.1107,44.8,75,99,11.23
185,Hirna,ET,2021-09-29 03:49:33,9.2167,41.1,63.21,71,24,5.75
186,Alofi,NU,2021-09-29 03:49:34,-19.0595,-169.9187,78.69,89,75,13.8
187,Kaka,TM,2021-09-29 03:49:34,37.3482,59.6143,70.95,31,0,4.97
188,Viedma,AR,2021-09-29 03:49:35,-40.8135,-62.9967,49.39,61,3,11.68
189,Livingston,GB,2021-09-29 03:47:40,55.9029,-3.5226,45.1,91,20,5.75
190,Itupiranga,BR,2021-09-29 03:49:36,-5.1347,-49.3267,73.49,92,89,2.15
191,Agadez,NE,2021-09-29 03:49:37,19.75,10.25,82.44,15,100,10.11
192,Tezu,IN,2021-09-29 03:49:37,27.9167,96.1667,88.09,57,17,3.91
193,Hithadhoo,MV,2021-09-29 03:49:37,-0.6,73.0833,82.8,71,78,10.76
194,Bethel,US,2021-09-29 03:49:38,41.3712,-73.414,62.96,85,1,3.44
195,Garmsar,IR,2021-09-29 03:49:38,35.2182,52.3409,77.0,27,0,0.94
196,Souillac,MU,2021-09-29 03:49:40,-20.5167,57.5167,74.35,64,40,13.8
197,Ahipara,NZ,2021-09-29 03:49:42,-35.1667,173.1667,57.65,59,4,9.78
198,Hasaki,JP,2021-09-29 03:49:43,35.7333,140.8333,79.29,64,90,10.92
199,Ahvaz,IR,2021-09-29 03:48:07,31.3203,48.6693,87.91,10,0,3.67
200,Shingu,JP,2021-09-29 03:47:33,33.7333,135.9833,85.19,78,52,10.74
201,Ascension,US,2021-09-29 03:49:45,30.2169,-90.9001,74.07,97,100,8.77
202,Uzhur,RU,2021-09-29 03:49:46,55.3036,89.8339,41.49,57,6,10.96
203,Bilibino,RU,2021-09-29 03:49:47,68.0546,166.4372,12.92,91,55,2.59
204,Aswan,EG,2021-09-29 03:46:44,24.0934,32.907,76.3,35,0,6.91
205,Mehamn,NO,2021-09-29 03:49:49,71.0357,27.8492,51.75,66,0,5.75
206,Ndele,CF,2021-09-29 03:49:51,8.4109,20.6473,69.57,99,100,2.71
207,Marawi,PH,2021-09-29 03:49:51,7.9986,124.2928,77.65,54,100,2.57
208,Longyearbyen,SJ,2021-09-29 03:49:53,78.2186,15.6401,35.44,80,75,12.66
209,Tabou,CI,2021-09-29 03:49:55,4.423,-7.3528,75.79,90,83,3.87
210,Saint-Joseph,RE,2021-09-29 03:49:57,-21.3667,55.6167,71.2,72,45,8.55
211,Tangzhai,CN,2021-09-29 03:49:58,34.4328,116.5911,77.29,63,0,2.55
212,Provideniya,RU,2021-09-29 03:49:59,64.3833,-173.3,37.51,65,0,6.71
213,Arraial Do Cabo,BR,2021-09-29 03:49:59,-22.9661,-42.0278,70.57,91,10,22.28
214,Jalu,LY,2021-09-29 03:50:02,29.0331,21.5482,69.98,64,0,7.54
215,Sao Domingos,BR,2021-09-29 03:50:02,-13.3983,-46.3183,79.07,36,71,5.19
216,Kondopoga,RU,2021-09-29 03:50:03,62.2057,34.2614,40.68,97,16,3.51
217,Sechura,PE,2021-09-29 03:50:06,-5.5569,-80.8222,64.18,82,18,8.88
218,Ayagoz,KZ,2021-09-29 03:50:06,47.9714,80.4392,59.92,41,46,16.93
219,Grindavik,IS,2021-09-29 03:50:07,63.8424,-22.4338,39.67,87,90,39.12
220,Santa Maria,BR,2021-09-29 03:46:53,-29.6842,-53.8069,58.3,100,90,5.75
221,Abbeville,FR,2021-09-29 03:47:20,50.1,1.8333,55.49,91,100,15.28
222,Nsoko,SZ,2021-09-29 03:50:08,-27.0333,31.95,65.53,81,79,3.11
223,Tulagi,SB,2021-09-29 03:50:09,-9.0996,160.1476,82.42,76,99,10.45
224,Nome,US,2021-09-29 03:50:09,64.5011,-165.4064,37.47,52,75,6.91
225,Petropavlovsk-Kamchatskiy,RU,2021-09-29 03:50:19,53.0452,158.6483,63.19,48,20,15.66
226,Homer,US,2021-09-29 03:50:19,59.6425,-151.5483,46.29,59,1,5.75
227,Camopi,GF,2021-09-29 03:50:19,3.1655,-52.3158,70.83,100,4,1.79
228,Port Hedland,AU,2021-09-29 03:50:20,-20.3167,118.5667,91.45,25,3,8.05
229,Seoul,KR,2021-09-29 03:48:41,37.5683,126.9778,72.79,88,90,8.05
230,Bud,US,2021-09-29 03:50:20,39.447,-86.1758,69.78,85,0,6.87
231,Suntar,RU,2021-09-29 03:50:21,62.1444,117.6319,39.36,60,42,8.1
232,Mahebourg,MU,2021-09-29 03:50:21,-20.4081,57.7,74.25,64,40,13.8
233,Severo-Kurilsk,RU,2021-09-29 03:50:21,50.6789,156.125,54.79,77,100,11.05
234,Saint Anthony,US,2021-09-29 03:50:22,45.0205,-93.218,68.2,66,1,3.0
235,Gold Coast,AU,2021-09-29 03:50:22,-28.0,153.4333,73.24,56,40,4.0
236,Haines Junction,CA,2021-09-29 03:50:22,60.7522,-137.5108,28.35,80,78,0.0
237,Krasnyy Yar,RU,2021-09-29 03:50:23,46.5331,48.3456,44.53,47,96,12.08
238,Wilmington,US,2021-09-29 03:50:23,34.2257,-77.9447,77.86,81,1,3.44
239,Uvalde,US,2021-09-29 03:50:23,29.3669,-99.767,81.55,44,40,5.75
240,Hofn,IS,2021-09-29 03:50:24,64.2539,-15.2082,38.66,62,100,8.08
241,Ketchikan,US,2021-09-29 03:50:24,55.3422,-131.6461,48.18,85,100,15.05
242,Juba,SS,2021-09-29 03:50:24,4.8517,31.5825,69.84,91,98,3.44
243,Koutiala,ML,2021-09-29 03:50:25,12.3917,-5.4642,74.52,59,14,6.13
244,Biloxi,US,2021-09-29 03:50:25,30.396,-88.8853,75.24,97,1,5.75
245,Beyneu,KZ,2021-09-29 03:50:26,45.3167,55.2,47.88,53,22,13.8
246,Robertsport,LR,2021-09-29 03:50:26,6.7533,-11.3686,77.74,78,95,3.42
247,Alyangula,AU,2021-09-29 03:50:27,-13.8483,136.4192,89.47,51,40,8.05
248,Iralaya,HN,2021-09-29 03:50:27,15.0,-83.2333,80.33,82,53,5.84
249,Maniitsoq,GL,2021-09-29 03:50:27,65.4167,-52.9,31.64,49,3,7.67
250,Lorengau,PG,2021-09-29 03:50:28,-2.0226,147.2712,85.91,69,45,8.9
251,La Mira,MX,2021-09-29 03:50:28,18.035,-102.3266,76.82,87,93,3.38
252,Zinder,NE,2021-09-29 03:50:29,13.8072,8.9881,83.01,46,54,9.33
253,Upernavik,GL,2021-09-29 03:50:29,72.7868,-56.1549,25.39,53,14,4.97
254,Brae,GB,2021-09-29 03:50:30,60.3964,-1.353,49.91,93,100,5.64
255,Morgan City,US,2021-09-29 03:50:30,29.6994,-91.2068,73.99,100,90,3.44
256,Yerbogachen,RU,2021-09-29 03:50:31,61.2767,108.0108,39.27,53,40,6.15
257,Bilma,NE,2021-09-29 03:50:31,18.6853,12.9164,85.51,20,99,9.93
258,Hilo,US,2021-09-29 03:50:32,19.7297,-155.09,75.79,91,90,4.61
259,Porto Novo,BJ,2021-09-29 03:50:32,6.4965,2.6036,78.62,90,97,4.09
260,Puerto Narino,CO,2021-09-29 03:50:32,-3.7703,-70.3831,74.5,85,43,2.19
261,Nishihara,JP,2021-09-29 03:50:33,26.1842,127.7558,87.46,75,40,9.22
262,Fershampenuaz,RU,2021-09-29 03:50:33,53.5202,59.8117,33.51,91,94,15.08
263,Buraydah,SA,2021-09-29 03:48:48,26.326,43.975,68.45,15,4,5.73
264,Itapecerica,BR,2021-09-29 03:50:33,-20.4725,-45.1256,67.42,65,30,3.8
265,Tarbert,GB,2021-09-29 03:50:34,55.8628,-5.4162,49.98,88,9,7.45
266,Port Elizabeth,ZA,2021-09-29 03:50:34,-33.918,25.5701,57.49,72,0,11.5
267,Esperance,AU,2021-09-29 03:50:35,-33.8667,121.9,64.24,60,94,6.13
268,Sampit,ID,2021-09-29 03:50:35,-2.5333,112.95,88.38,63,72,4.41
269,Dagana,MR,2021-09-29 03:50:35,16.5165,-15.5068,82.38,71,0,10.4
270,Fairbanks,US,2021-09-29 03:50:36,64.8378,-147.7164,33.8,68,1,0.0
271,Chapais,CA,2021-09-29 03:50:36,49.7834,-74.8492,40.78,97,100,5.61
272,Naze,JP,2021-09-29 03:50:36,28.3667,129.4833,85.12,76,39,19.75
273,Evensk,RU,2021-09-29 03:50:37,61.95,159.2333,36.34,30,48,21.81
274,Stony Plain,CA,2021-09-29 03:50:37,53.5334,-114.0021,54.91,62,90,2.3
275,Pacific Grove,US,2021-09-29 03:50:38,36.6177,-121.9166,62.71,80,1,3.0
276,Narsaq,GL,2021-09-29 03:50:38,60.9167,-46.05,29.41,41,0,7.34
277,Vila Velha,BR,2021-09-29 03:50:32,-20.3297,-40.2925,73.35,83,40,8.05
278,Srednekolymsk,RU,2021-09-29 03:50:39,67.45,153.6833,29.3,64,88,8.81
279,Huayang,CN,2021-09-29 03:50:39,34.4155,109.9939,67.08,54,0,1.28
280,Penzance,GB,2021-09-29 03:46:09,50.1186,-5.5371,54.77,68,4,24.18
281,Indramayu,ID,2021-09-29 03:50:40,-6.3264,108.32,86.79,58,68,14.12
282,Lukiv,UA,2021-09-29 03:50:40,51.0521,25.4006,44.19,92,58,9.55
283,North Bend,US,2021-09-29 03:50:41,43.4065,-124.2243,55.31,94,40,0.0
284,Sovetskiy,RU,2021-09-29 03:50:43,61.3614,63.5842,36.3,71,37,3.8
285,Mattru,SL,2021-09-29 03:50:44,7.6244,-11.8332,73.08,96,96,1.28
286,Gwadar,PK,2021-09-29 03:50:45,25.1216,62.3254,87.93,56,78,3.56
287,Richards Bay,ZA,2021-09-29 03:50:45,-28.783,32.0377,67.98,80,83,3.76
288,Ostersund,SE,2021-09-29 03:50:46,63.1792,14.6357,47.61,100,75,12.66
289,Tamandare,BR,2021-09-29 03:46:12,-8.7597,-35.1047,73.94,86,31,6.93
290,Ruston,US,2021-09-29 03:50:47,32.5232,-92.6379,72.5,88,1,3.44
291,Shache,CN,2021-09-29 03:50:47,38.4167,77.2406,77.7,11,0,9.6
292,Arkadak,RU,2021-09-29 03:50:47,51.9326,43.4978,36.64,83,57,6.8
293,Hualmay,PE,2021-09-29 03:50:48,-11.0964,-77.6139,62.08,85,30,6.78
294,West Wendover,US,2021-09-29 03:50:48,40.7391,-114.0733,52.81,28,1,23.02
295,Albanel,CA,2021-09-29 03:50:49,48.8832,-72.4487,47.68,93,99,3.44
296,Burkburnett,US,2021-09-29 03:50:49,34.0979,-98.5706,70.52,90,20,3.0
297,Lazarev,RU,2021-09-29 03:50:49,52.225,141.5131,58.51,88,43,23.31
298,Awbari,LY,2021-09-29 03:50:50,26.5921,12.7805,72.01,22,0,2.98
299,Langsa,ID,2021-09-29 03:50:01,4.4683,97.9683,75.47,97,100,3.13
300,Sioux Lookout,CA,2021-09-29 03:50:51,50.1001,-91.917,64.78,72,1,3.44
301,Noumea,NC,2021-09-29 03:50:51,-22.2763,166.4572,82.38,70,61,18.34
302,Olinda,BR,2021-09-29 03:50:52,-8.0089,-34.8553,76.73,83,75,6.91
303,Mbaiki,CF,2021-09-29 03:50:52,3.8678,17.9892,69.31,99,100,1.28
304,Sola,VU,2021-09-29 03:50:53,-13.8833,167.55,75.87,94,90,0.0
305,Broome,US,2021-09-29 03:50:54,42.2506,-75.833,50.38,77,1,8.05
306,Rio Brilhante,BR,2021-09-29 03:48:38,-21.8019,-54.5464,79.3,40,11,5.64
307,Jaguaruna,BR,2021-09-29 03:50:55,-28.615,-49.0256,63.7,96,100,6.93
308,Atbasar,KZ,2021-09-29 03:50:56,51.8,68.3333,36.43,96,100,13.24
309,Nizwa,OM,2021-09-29 03:46:21,22.9333,57.5333,87.37,39,98,1.34
310,Saint-Francois,FR,2021-09-29 03:50:57,46.4154,3.9054,53.04,96,0,4.61
311,Aklavik,CA,2021-09-29 03:50:57,68.2191,-135.0107,32.83,93,100,20.76
312,Minatitlan,MX,2021-09-29 03:50:58,17.9833,-94.5167,75.88,90,92,3.0
313,Ariquemes,BR,2021-09-29 03:50:58,-9.9133,-63.0408,74.43,81,26,1.92
314,Sandakan,MY,2021-09-29 03:50:59,5.8402,118.1179,85.68,79,40,7.0
315,Katsuura,JP,2021-09-29 03:50:59,35.1333,140.3,77.14,72,69,11.74
316,Kloulklubed,PW,2021-09-29 03:51:00,7.0419,134.2556,84.88,71,94,9.22
317,Tilichiki,RU,2021-09-29 03:51:00,60.4667,166.1,27.77,78,100,16.64
318,Tuy Hoa,VN,2021-09-29 03:51:01,13.0833,109.3,85.5,71,47,9.01
319,Awjilah,LY,2021-09-29 03:51:01,29.1081,21.2869,70.0,63,0,7.02
320,Santiago De Cuba,CU,2021-09-29 03:51:02,20.0247,-75.8219,73.58,90,84,3.09
321,Huejuquilla El Alto,MX,2021-09-29 03:51:02,22.6,-103.8667,59.95,89,4,3.87
322,Upata,VE,2021-09-29 03:51:03,8.0086,-62.3989,70.92,93,88,2.64
323,Miranda,CO,2021-09-29 03:51:03,3.2499,-76.2281,68.13,92,100,3.76
324,Nelson Bay,AU,2021-09-29 03:51:04,-32.7167,152.15,73.09,61,100,1.01
325,Pundaguitan,PH,2021-09-29 03:51:04,6.3711,126.1689,84.99,72,80,10.76
326,Lishu,CN,2021-09-29 03:51:04,43.3047,124.3278,53.15,78,100,12.75
327,Luderitz,NA,2021-09-29 03:51:05,-26.6481,15.1594,52.56,84,0,14.94
328,Mago,RU,2021-09-29 03:51:05,53.2514,140.1822,68.99,50,100,12.17
329,Clyde River,CA,2021-09-29 03:51:05,70.4692,-68.5914,32.09,70,100,7.96
330,Neiafu,TO,2021-09-29 03:51:07,-18.65,-173.9833,81.28,78,40,8.05
331,Lagoa,PT,2021-09-29 03:51:08,39.05,-27.9833,70.97,87,94,16.53
332,General Roca,AR,2021-09-29 03:51:08,-39.0333,-67.5833,57.6,26,93,21.92
333,Yanliang,CN,2021-09-29 03:51:09,34.6592,109.2292,70.79,67,1,1.23
334,Kutum,SD,2021-09-29 03:51:10,14.2,24.6667,74.44,32,65,14.25
335,Los Llanos De Aridane,ES,2021-09-29 03:51:11,28.6585,-17.9182,69.55,73,75,18.41
336,Khatanga,RU,2021-09-29 03:51:11,71.9667,102.5,32.09,57,100,11.36
337,Amahai,ID,2021-09-29 03:51:11,-3.3333,128.9167,83.75,75,32,5.79
338,Erenhot,CN,2021-09-29 03:51:11,43.6475,111.9767,52.56,33,85,2.44
339,Dandong,CN,2021-09-29 03:51:12,40.1292,124.3947,74.86,65,59,6.96
340,Nouadhibou,MR,2021-09-29 03:51:12,20.931,-17.0347,79.61,56,34,16.22
341,Ludvika,SE,2021-09-29 03:51:13,60.1496,15.1878,50.04,97,100,8.37
342,Charlestown,AU,2021-09-29 03:51:13,-32.95,151.6667,72.82,68,100,1.99
343,Jiayuguan,CN,2021-09-29 03:51:14,39.8167,98.3,70.68,14,0,6.58
344,Fortuna,US,2021-09-29 03:47:57,40.5982,-124.1573,56.66,71,1,1.99
345,Muros,ES,2021-09-29 03:51:15,42.7762,-9.0603,60.84,94,100,2.35
346,Dingle,PH,2021-09-29 03:51:15,10.9995,122.6711,86.99,72,84,8.3
347,Waddan,LY,2021-09-29 03:51:16,29.1614,16.139,73.18,33,0,2.77
348,Sabha,LY,2021-09-29 03:51:16,27.0377,14.4283,73.76,23,0,7.45
349,Yermakovskoye,RU,2021-09-29 03:51:16,53.2831,92.4003,44.83,46,47,5.99
350,Korla,CN,2021-09-29 03:51:17,41.7597,86.1469,75.25,16,89,5.28
351,Bismarck,US,2021-09-29 03:51:18,46.8083,-100.7837,78.64,47,1,5.99
352,Shelton,US,2021-09-29 03:51:18,41.3165,-73.0932,65.03,82,1,1.01
353,Pacifica,US,2021-09-29 03:51:19,37.6138,-122.4869,67.21,78,40,1.99
354,Ancud,CL,2021-09-29 03:51:19,-41.8697,-73.8203,42.33,79,100,3.76
355,San Cristobal,VE,2021-09-29 03:51:21,7.7669,-72.225,64.99,95,93,2.24
356,Puro,PH,2021-09-29 03:51:22,12.4841,123.3827,86.2,70,72,6.71
357,Cidreira,BR,2021-09-29 03:51:22,-30.1811,-50.2056,63.16,93,100,2.35
358,Port Macquarie,AU,2021-09-29 03:51:31,-31.4333,152.9167,77.38,59,100,18.66
359,Moyale,KE,2021-09-29 03:51:32,3.5167,39.0584,66.47,75,34,7.52
360,Bambous Virieux,MU,2021-09-29 03:51:32,-20.3428,57.7575,74.21,64,40,13.8
361,Hailar,CN,2021-09-29 03:51:33,49.2,119.7,43.7,43,27,19.91
362,Hami,CN,2021-09-29 03:51:33,42.8,93.45,73.99,17,2,3.0
363,Ouango,CF,2021-09-29 03:51:33,4.3133,22.5552,66.76,99,100,0.38
364,Dwarka,IN,2021-09-29 03:51:34,22.2394,68.9678,83.5,78,100,10.38
365,Adrian,US,2021-09-29 03:51:34,41.8975,-84.0372,57.4,90,1,3.44
366,Hay River,CA,2021-09-29 03:51:34,60.8156,-115.7999,42.78,100,20,1.14
367,Nabire,ID,2021-09-29 03:51:35,-3.3667,135.4833,83.07,81,97,4.29
368,Babu,CN,2021-09-29 03:51:35,24.4167,111.5167,94.14,51,43,3.02
369,Abu Kamal,SY,2021-09-29 03:51:35,34.4506,40.9171,73.96,43,0,7.23
370,Ca Mau,VN,2021-09-29 03:51:36,9.1769,105.15,90.9,55,23,6.08
371,Venice,US,2021-09-29 03:51:36,27.0998,-82.4543,78.15,76,1,3.0
372,Qasigiannguit,GL,2021-09-29 03:51:36,68.8193,-51.1922,12.65,75,74,4.29
373,Te Anau,NZ,2021-09-29 03:51:37,-45.4167,167.7167,47.61,83,83,9.06
374,Luwuk,ID,2021-09-29 03:51:37,-0.9516,122.7875,86.07,70,50,6.71
375,Henties Bay,NA,2021-09-29 03:51:38,-22.116,14.2845,54.86,92,26,10.13
376,Doctor Juan Leon Mallorquin,PY,2021-09-29 03:51:38,-25.4,-55.2667,73.13,77,46,5.79
377,Lannion,FR,2021-09-29 03:51:38,48.75,-3.4167,51.78,82,40,11.5
378,Chimoio,MZ,2021-09-29 03:51:39,-19.1164,33.4833,66.06,82,0,0.83
379,Santona,ES,2021-09-29 03:51:40,43.4439,-3.4576,59.07,81,78,6.11
380,Edson,CA,2021-09-29 03:51:40,53.5835,-116.4356,41.14,70,1,4.61
381,Burnie,AU,2021-09-29 03:51:40,-41.0667,145.9167,57.65,63,100,6.35
382,Belyy Yar,RU,2021-09-29 03:51:41,53.6039,91.3903,40.89,65,0,2.24
383,Taksimo,RU,2021-09-29 03:51:41,56.3444,114.8794,41.38,52,95,4.94
384,Ola,RU,2021-09-29 03:51:42,59.5833,151.2833,38.03,49,89,12.01
385,Cortez,US,2021-09-29 03:51:00,37.3489,-108.5859,55.69,86,75,4.61
386,Mongagua,BR,2021-09-29 03:51:43,-24.0931,-46.6208,83.93,67,47,6.22
387,Shamkhal,RU,2021-09-29 03:51:43,43.0596,47.3373,57.18,67,100,3.98
388,Usinsk,RU,2021-09-29 03:51:43,65.9939,57.5281,38.91,86,100,4.94
389,Berdigestyakh,RU,2021-09-29 03:51:44,62.0989,126.6992,43.39,41,1,10.16
390,Puerto Escondido,MX,2021-09-29 03:48:41,15.85,-97.0667,80.28,83,74,7.63
391,Alugan,PH,2021-09-29 03:51:45,12.2188,125.4808,87.57,65,99,2.84
392,Towada,JP,2021-09-29 03:51:45,40.6127,141.2067,77.22,56,99,7.99
393,Pak Phanang,TH,2021-09-29 03:51:46,8.3511,100.202,90.41,64,56,3.22
394,Camana,PE,2021-09-29 03:51:47,-16.6228,-72.7111,61.29,80,3,4.09
395,Lalibela,ET,2021-09-29 03:51:47,12.0333,39.0333,57.52,46,14,4.9
396,Kimbe,PG,2021-09-29 03:51:48,-5.5502,150.1429,86.32,72,54,3.11
397,Ponta Delgada,PT,2021-09-29 03:51:49,37.7333,-25.6667,73.51,94,20,5.75
398,Darnah,LY,2021-09-29 03:51:50,32.767,22.6367,73.6,84,8,10.96
399,Ulundi,ZA,2021-09-29 03:51:50,-28.3352,31.4162,62.67,87,100,2.59
400,Svirstroy,RU,2021-09-29 03:51:51,60.7999,33.7248,39.02,95,73,2.3
401,Tilzapotla,MX,2021-09-29 03:51:51,18.4833,-99.2667,70.27,94,99,3.02
402,Kimparana,ML,2021-09-29 03:51:52,12.8347,-4.9244,76.66,58,0,6.11
403,Dubovskoye,RU,2021-09-29 03:51:52,47.4092,42.7575,46.51,74,46,9.62
404,Presidencia Roque Saenz Pena,AR,2021-09-29 03:51:52,-26.7852,-60.4388,67.14,88,48,7.74
405,Pasighat,IN,2021-09-29 03:51:53,28.0667,95.3333,86.95,61,14,3.94
406,Nouakchott,MR,2021-09-29 03:50:40,18.0858,-15.9785,78.73,80,2,8.81
407,Tigil,RU,2021-09-29 03:51:53,57.8,158.6667,37.81,82,100,18.86
408,Paravur,IN,2021-09-29 03:51:54,8.7833,76.7,84.22,79,70,6.67
409,Slave Lake,CA,2021-09-29 03:51:54,55.2834,-114.769,48.18,81,90,4.61
410,Dukat,RU,2021-09-29 03:51:55,62.55,155.55,21.9,65,100,19.15
411,Cherskiy,RU,2021-09-29 03:51:55,68.75,161.3,23.72,96,100,11.03
412,Berlevag,NO,2021-09-29 03:51:55,70.8578,29.0864,49.41,71,93,11.99
413,Abu Zabad,SD,2021-09-29 03:51:56,12.35,29.25,77.81,66,86,5.57
414,Celestun,MX,2021-09-29 03:51:56,20.8667,-90.4,81.3,74,14,14.2
415,Sinnamary,GF,2021-09-29 03:51:58,5.3833,-52.95,79.05,83,3,9.06
416,Nantucket,US,2021-09-29 03:51:58,41.2835,-70.0995,65.14,89,94,15.32
417,Annau,TM,2021-09-29 03:51:58,37.8876,58.516,65.7,39,0,9.22
418,Port Hueneme,US,2021-09-29 03:51:59,34.1478,-119.1951,66.38,83,20,3.44
419,Aitape,PG,2021-09-29 03:51:59,-3.1374,142.3475,86.32,67,44,9.46
420,Grand-Santi,GF,2021-09-29 03:51:59,4.25,-54.3833,72.61,91,4,3.13
421,Maridi,SS,2021-09-29 03:52:00,4.9158,29.4742,65.21,99,97,4.29
422,Katobu,ID,2021-09-29 03:52:00,-4.9408,122.5276,90.03,51,30,8.52
423,Cascais,PT,2021-09-29 03:52:00,38.6979,-9.4215,62.47,70,6,14.0
424,Bairiki,KI,2021-09-29 03:52:01,1.3292,172.9752,87.8,62,20,20.71
425,Wynyard,AU,2021-09-29 03:52:01,-41.0,145.7167,57.69,60,100,7.31
426,Faya,SA,2021-09-29 03:52:01,18.3851,42.4509,64.92,35,59,2.48
427,Kudahuvadhoo,MV,2021-09-29 03:52:02,2.6708,72.8944,82.6,74,80,10.92
428,Nakamura,JP,2021-09-29 03:52:02,32.9833,132.9333,78.51,76,68,9.04
429,Byron Bay,AU,2021-09-29 03:52:02,-28.65,153.6167,72.05,61,100,13.8
430,Caruray,PH,2021-09-29 03:52:03,10.3094,119.0128,83.79,79,36,4.56
431,Husavik,IS,2021-09-29 03:52:03,66.0449,-17.3389,35.51,70,86,14.14
432,Kenai,US,2021-09-29 03:52:04,60.5544,-151.2583,46.49,50,1,4.61
433,Tuatapere,NZ,2021-09-29 03:52:04,-46.1333,167.6833,48.81,87,69,15.17
434,Christchurch,NZ,2021-09-29 03:52:05,-43.5333,172.6333,66.4,40,11,19.57
435,Seymchan,RU,2021-09-29 03:52:05,62.8833,152.4333,32.22,38,100,9.69
436,Coihaique,CL,2021-09-29 03:52:06,-45.5752,-72.0662,39.15,87,0,4.61
437,Kasongo-Lunda,CD,2021-09-29 03:52:07,-6.4667,16.8167,70.34,93,67,1.01
438,Krasnoselkup,RU,2021-09-29 03:52:07,65.7,82.4667,36.77,63,55,3.47
439,Bathsheba,BB,2021-09-29 03:52:07,13.2167,-59.5167,79.41,89,40,5.75
440,Palmer,US,2021-09-29 03:52:08,42.1584,-72.3287,57.69,93,75,6.91
441,Salalah,OM,2021-09-29 03:52:08,17.0151,54.0924,83.05,68,67,1.59
442,Vila Praia De Ancora,PT,2021-09-29 03:52:08,41.811,-8.8526,60.12,84,100,6.55
443,Falavarjan,IR,2021-09-29 03:52:09,32.5553,51.5097,46.08,12,0,3.83
444,Russell,US,2021-09-29 03:52:10,32.3502,-85.1999,70.83,93,1,0.0
445,Fort Frances,CA,2021-09-29 03:52:10,48.5999,-93.4003,65.16,72,1,4.61
446,Yurla,RU,2021-09-29 03:49:54,59.3259,54.3223,33.98,83,42,3.4
447,Boddam,GB,2021-09-29 03:52:11,57.4667,-1.7833,46.11,77,100,11.77
448,Karpogory,RU,2021-09-29 03:52:11,64.0019,44.4451,43.16,95,100,3.33
449,Bogoslovka,RU,2021-09-29 03:52:11,53.2084,44.8013,37.11,57,99,6.17
450,Thunder Bay,CA,2021-09-29 03:52:12,48.4001,-89.3168,55.99,95,1,5.75
451,Chernyshevskiy,RU,2021-09-29 03:52:13,63.0128,112.4714,36.36,58,22,5.59
452,Balkanabat,TM,2021-09-29 03:52:13,39.5108,54.3671,72.03,36,0,2.26
453,Igatpuri,IN,2021-09-29 03:52:14,19.7,73.55,69.39,98,100,12.53
454,Yamada,JP,2021-09-29 03:52:14,39.4667,141.95,70.72,72,83,12.5
455,Broken Hill,AU,2021-09-29 03:52:15,-31.95,141.4333,73.11,38,3,14.97
456,Cockburn Town,TC,2021-09-29 03:52:15,21.4612,-71.1419,83.26,72,2,9.53
457,Wolfeboro,US,2021-09-29 03:52:16,43.584,-71.2073,56.07,86,1,4.61
458,Catuday,PH,2021-09-29 03:52:16,16.2923,119.8062,82.9,74,92,7.47
459,Borovoy,RU,2021-09-29 03:48:34,55.4333,86.0833,40.28,70,0,6.71
460,Vilhena,BR,2021-09-29 03:52:17,-12.7406,-60.1458,70.86,77,41,2.66
461,Ornskoldsvik,SE,2021-09-29 03:50:01,63.2909,18.7153,51.62,100,90,10.36
462,San Quintin,MX,2021-09-29 03:52:18,30.4833,-115.95,67.32,81,20,14.85
463,Lima,PE,2021-09-29 03:51:24,-12.0432,-77.0282,59.4,86,75,8.05
464,Atar,MR,2021-09-29 03:52:20,20.5169,-13.0499,89.83,14,57,10.83
465,Urumqi,CN,2021-09-29 03:52:20,43.801,87.6005,63.55,30,0,11.18
466,Huittinen,FI,2021-09-29 03:52:21,61.1833,22.7,45.72,97,13,5.35
467,Winchendon,US,2021-09-29 03:52:22,42.6862,-72.044,53.38,88,44,1.01
468,Soe,ID,2021-09-29 03:52:23,-9.8607,124.284,89.44,27,7,9.69
469,Mahon,ES,2021-09-29 03:52:23,39.8885,4.2658,68.56,94,0,3.44
470,Estelle,US,2021-09-29 03:52:24,29.8458,-90.1067,75.0,85,75,9.22
471,Trincomalee,LK,2021-09-29 03:52:24,8.5711,81.2335,84.36,70,100,15.68
472,Nuuk,GL,2021-09-29 03:52:24,64.1835,-51.7216,29.88,74,0,5.99
473,Santa Cruz,BO,2021-09-29 03:48:03,-17.8,-63.1667,75.43,57,4,4.61
474,Dhankuta,NP,2021-09-29 03:52:26,26.9833,87.3333,73.81,78,74,5.08
475,Kinablangan,PH,2021-09-29 03:52:26,7.6947,126.5503,85.77,71,100,5.14
476,Udon Thani,TH,2021-09-29 03:52:27,17.3333,102.8333,90.01,62,40,1.14
477,Kulhudhuffushi,MV,2021-09-29 03:52:27,6.6221,73.07,82.08,78,39,12.77
478,Candido Mendes,BR,2021-09-29 03:52:27,-1.4467,-45.7167,74.37,94,24,3.06
479,Najran,SA,2021-09-29 03:52:28,17.4924,44.1277,70.45,32,24,5.28
480,Porosozero,RU,2021-09-29 03:52:28,62.7191,32.727,39.02,97,14,4.09
481,Hailey,US,2021-09-29 03:52:29,43.5196,-114.3153,42.66,42,1,6.91
482,Steamboat Springs,US,2021-09-29 03:52:30,40.485,-106.8317,51.94,90,75,3.44
483,Portland,US,2021-09-29 03:48:00,45.5234,-122.6762,55.6,89,77,1.01
484,Kichera,RU,2021-09-29 03:52:32,55.9375,110.0997,41.38,52,46,3.13
485,Dunedin,NZ,2021-09-29 03:52:32,-45.8742,170.5036,53.42,77,95,13.06
486,Junagarh,IN,2021-09-29 03:52:33,19.8667,82.9333,81.7,80,100,4.07
487,Yar-Sale,RU,2021-09-29 03:52:33,66.8333,70.8333,38.79,76,100,5.93
488,Hovd,MN,2021-09-29 03:52:34,48.0056,91.6419,41.14,41,100,4.14
489,Ouadda,CF,2021-09-29 03:52:34,8.0777,22.4007,67.14,98,98,3.31
490,Klaksvik,FO,2021-09-29 03:52:35,62.2266,-6.589,47.32,83,37,7.54
491,Porto Nacional,BR,2021-09-29 03:52:35,-10.7081,-48.4172,78.8,56,36,2.55
492,Faanui,PF,2021-09-29 03:52:35,-16.4833,-151.75,78.87,76,21,15.9
493,Killybegs,IE,2021-09-29 03:52:36,54.6333,-8.45,50.68,65,91,19.98
494,Rio Cuarto,AR,2021-09-29 03:52:36,-33.1307,-64.3499,47.84,87,0,11.72
495,Imbituba,BR,2021-09-29 03:52:36,-28.24,-48.6703,68.83,95,100,9.13
496,Floro,NO,2021-09-29 03:49:15,61.5996,5.0328,57.16,58,43,14.97
497,Bintulu,MY,2021-09-29 03:52:37,3.1667,113.0333,86.41,74,20,5.99
498,Sulangan,PH,2021-09-29 03:52:38,11.1373,123.7228,84.02,72,79,4.47
499,Tiarei,PF,2021-09-29 03:52:39,-17.5333,-149.3333,80.62,80,44,16.64
500,Hammerfest,NO,2021-09-29 03:52:39,70.6634,23.6821,43.25,87,31,0.0
501,Voh,NC,2021-09-29 03:52:39,-20.9667,164.7,75.42,65,92,8.01
502,Sisimiut,GL,2021-09-29 03:52:40,66.9395,-53.6735,29.12,46,3,7.23
503,Egvekinot,RU,2021-09-29 03:52:40,66.3167,-179.1667,22.21,92,91,3.62
504,Berbera,SO,2021-09-29 03:51:30,10.4396,45.0143,88.56,52,13,6.87
505,Beringovskiy,RU,2021-09-29 03:52:41,63.05,179.3167,32.25,55,95,7.83
506,Sereflikochisar,TR,2021-09-29 03:52:41,38.9393,33.5386,58.44,57,8,6.33
507,Sitka,US,2021-09-29 03:52:42,57.0531,-135.33,51.69,54,90,9.22
508,Asau,RO,2021-09-29 03:52:42,46.4333,26.4,49.75,92,93,2.48
509,Oistins,BB,2021-09-29 03:52:43,13.0667,-59.5333,78.89,89,40,5.75
510,Tshikapa,CD,2021-09-29 03:52:43,-6.4167,20.8,69.46,94,38,1.61
511,Panyutyne,UA,2021-09-29 03:52:43,48.9333,36.2833,43.63,87,36,10.98
512,Karratha,AU,2021-09-29 03:52:44,-20.7377,116.8463,87.69,17,1,8.25
513,West Des Moines,US,2021-09-29 03:52:44,41.572,-93.7453,75.31,73,1,5.99
514,Sorland,NO,2021-09-29 03:52:44,67.667,12.6934,53.67,77,100,11.95
515,Hatillo,PR,2021-09-29 03:52:45,18.4863,-66.8254,79.05,88,3,1.01
516,Leningradskiy,RU,2021-09-29 03:52:45,69.3833,178.4167,25.3,96,100,12.37
517,Beira,MZ,2021-09-29 03:52:46,-19.8436,34.8389,73.49,94,40,5.01
518,Marsh Harbour,BS,2021-09-29 03:52:47,26.5412,-77.0636,80.98,55,36,9.57
519,Marijampole,LT,2021-09-29 03:52:47,54.5667,23.35,44.67,95,51,8.1
520,Fasa,IR,2021-09-29 03:49:18,28.9383,53.6482,60.04,33,0,4.61
521,Makakilo City,US,2021-09-29 03:52:48,21.3469,-158.0858,82.72,59,1,10.36
522,Tuensang,IN,2021-09-29 03:52:48,26.2833,94.8333,84.09,58,48,2.48
523,Brigantine,US,2021-09-29 03:52:48,39.4101,-74.3646,68.05,91,20,6.91
524,Motala,SE,2021-09-29 03:52:48,58.5371,15.0365,53.38,94,100,12.41
525,Saint-Georges,GD,2021-09-29 03:52:49,12.0564,-61.7485,82.08,83,20,4.61
526,Omaruru,NA,2021-09-29 03:52:50,-21.4333,15.9333,56.73,43,0,3.53
527,Sept-Iles,CA,2021-09-29 03:52:50,50.2001,-66.3821,44.06,88,75,4.61
528,Xique-Xique,BR,2021-09-29 03:52:51,-10.8218,-42.7263,77.11,53,27,21.09
529,San Julian,MX,2021-09-29 03:53:13,21.0167,-102.1667,58.19,86,96,6.02
530,Honiara,SB,2021-09-29 03:53:13,-9.4333,159.95,83.44,79,99,6.04
531,La Rioja,ES,2021-09-29 03:53:14,42.25,-2.5,54.48,90,100,2.53
532,Mezen,RU,2021-09-29 03:53:15,65.8522,44.24,44.22,94,99,5.35
533,Pangoa,PE,2021-09-29 03:53:15,-12.1167,-73.0,67.06,95,60,4.03
534,La Romana,DO,2021-09-29 03:53:17,18.4273,-68.9728,80.33,86,0,6.55
535,Olafsvik,IS,2021-09-29 03:53:18,64.8945,-23.7142,41.13,80,100,21.41
536,Kupang,ID,2021-09-29 03:53:18,-10.1667,123.5833,90.18,51,20,8.05
537,Easton,US,2021-09-29 03:53:19,40.6884,-75.2207,61.14,85,90,7.29
538,High Prairie,CA,2021-09-29 03:53:20,55.4334,-116.4858,46.42,55,16,2.37
539,Gorin,RU,2021-09-29 03:53:20,51.1983,136.6669,72.75,50,42,13.31
540,Dawlatabad,AF,2021-09-29 03:53:21,36.4141,64.9053,71.37,25,0,4.14
541,Ahuimanu,US,2021-09-29 03:53:21,21.4447,-157.8378,81.75,68,40,10.36
542,Jackson,US,2021-09-29 03:53:21,42.4165,-122.8345,55.15,76,88,3.0
543,Bonfim,BR,2021-09-29 03:53:22,3.0833,-59.95,77.9,72,22,2.06
544,Batagay-Alyta,RU,2021-09-29 03:53:22,67.8006,130.4114,28.33,71,81,4.38
545,Palembang,ID,2021-09-29 03:53:22,-2.9167,104.7458,86.09,79,40,4.61
546,Concepcion Del Oro,MX,2021-09-29 03:53:23,24.6333,-101.4167,65.52,60,50,3.4
547,Lugovoy,KZ,2021-09-29 03:53:23,42.9472,72.7644,66.06,30,68,1.43
548,Kahului,US,2021-09-29 03:53:24,20.8947,-156.47,82.42,76,40,19.57
549,Teopantlan,MX,2021-09-29 03:53:24,18.7167,-98.2667,64.67,88,63,3.38
550,Vanavara,RU,2021-09-29 03:53:25,60.34,102.2797,41.49,52,42,5.17
551,Pitimbu,BR,2021-09-29 03:53:25,-7.4706,-34.8086,73.99,85,59,10.65
552,Comodoro Rivadavia,AR,2021-09-29 03:51:48,-45.8667,-67.5,51.66,46,0,13.8
553,Walvis Bay,NA,2021-09-29 03:53:26,-22.9575,14.5053,55.09,82,0,3.44
554,Aiquile,BO,2021-09-29 03:53:26,-18.2041,-65.1807,61.27,70,0,3.62
555,Pochutla,MX,2021-09-29 03:53:26,15.7432,-96.4661,75.81,83,77,3.47
556,Aksarka,RU,2021-09-29 03:53:27,66.5606,67.7975,37.67,82,90,3.71
557,Onega,RU,2021-09-29 03:53:27,63.9061,38.1404,44.89,96,92,5.91
558,Voi,KE,2021-09-29 03:53:28,-3.3945,38.563,71.47,76,73,8.99
559,Abha,SA,2021-09-29 03:49:20,18.2164,42.5053,64.65,37,0,0.0
560,Mackenzie,CA,2021-09-29 03:53:29,55.2999,-123.1698,44.82,70,40,6.91
561,Novyy Karachay,RU,2021-09-29 03:53:29,43.8208,41.9032,46.49,89,94,1.79
562,Pangnirtung,CA,2021-09-29 03:53:29,66.1451,-65.7125,35.31,51,100,2.64
563,Port Blair,IN,2021-09-29 03:53:30,11.6667,92.75,84.06,72,92,3.04
564,Pueblo,US,2021-09-29 03:53:30,38.2545,-104.6091,70.38,50,40,11.95
